-- MySQL dump 10.13  Distrib 5.7.30, for Linux (x86_64)
--
-- Host: localhost    Database: Gestione_biblioteca
-- ------------------------------------------------------
-- Server version	5.7.30-0ubuntu0.18.04.1

/*!40101 SET @OLD_CHARACTER_SET_CLIENT=@@CHARACTER_SET_CLIENT */;
/*!40101 SET @OLD_CHARACTER_SET_RESULTS=@@CHARACTER_SET_RESULTS */;
/*!40101 SET @OLD_COLLATION_CONNECTION=@@COLLATION_CONNECTION */;
/*!40101 SET NAMES utf8 */;
/*!40103 SET @OLD_TIME_ZONE=@@TIME_ZONE */;
/*!40103 SET TIME_ZONE='+00:00' */;
/*!40014 SET @OLD_UNIQUE_CHECKS=@@UNIQUE_CHECKS, UNIQUE_CHECKS=0 */;
/*!40014 SET @OLD_FOREIGN_KEY_CHECKS=@@FOREIGN_KEY_CHECKS, FOREIGN_KEY_CHECKS=0 */;
/*!40101 SET @OLD_SQL_MODE=@@SQL_MODE, SQL_MODE='NO_AUTO_VALUE_ON_ZERO' */;
/*!40111 SET @OLD_SQL_NOTES=@@SQL_NOTES, SQL_NOTES=0 */;

--
-- Table structure for table `AUTORE`
--

DROP TABLE IF EXISTS `AUTORE`;
/*!40101 SET @saved_cs_client     = @@character_set_client */;
/*!40101 SET character_set_client = utf8 */;
CREATE TABLE `AUTORE` (
  `Nome_autore` varchar(16) NOT NULL,
  `Cognome_autore` varchar(16) NOT NULL,
  `Luogo_n_autore` varchar(16) NOT NULL,
  `Data_n_autore` date DEFAULT NULL,
  PRIMARY KEY (`Cognome_autore`)
) ENGINE=InnoDB DEFAULT CHARSET=latin1;
/*!40101 SET character_set_client = @saved_cs_client */;

--
-- Dumping data for table `AUTORE`
--

LOCK TABLES `AUTORE` WRITE;
/*!40000 ALTER TABLE `AUTORE` DISABLE KEYS */;
INSERT INTO `AUTORE` VALUES ('Ami','Adamo','Lawrence','1978-08-10'),('Kerri','Adiscot','Cumberland','1980-06-28'),('Briant','Anespie','Los Angeles','1989-01-01'),('Margaretha','Aysik','Washington','1973-03-18'),('Hannah','Bachnic','Madison','1956-06-22'),('Alejandrina','Bardell','Wilpen','1962-10-25'),('Angil','Beckson','Oxford','1956-05-01'),('Booth','Belvard','London','1959-10-11'),('Karie','Bendixen','Amsterdam','1969-12-29'),('Xylia','Bendle','Cumberland','1975-01-01'),('Betti','Benz','Berlino','1977-08-05'),('Fanchon','Bish','New York','1987-08-27'),('Perrine','Blagden','Washington','1984-01-04'),('Petunia','Breznovic','Prague','1981-02-19'),('Roxy','Burnage','Oxford','1955-04-13'),('Ludvig','Callf','London','1971-06-05'),('Lavena','Capey','Cumberland','1972-02-17'),('Bartolemo','Chadwin','Pleasantville','1969-07-22'),('Gertrudis','Corzon','Oxford','1983-06-21'),('Abey','Crowest','New York','1965-07-20'),('Inesita','Dallender','New York','1982-04-05'),('Rubie','Delgua','Los Angeles','1970-06-03'),('Fiorenze','Deluca','Lawrence','1984-07-22'),('Jefferson','Dewire','Cardiff','1971-02-16'),('Vitia','Douch','London','1977-08-20'),('Jon','Duckett','Los Angeles','1978-08-16'),('Walker','Dumberell','London','1965-12-30'),('Eva','Elcum','Pleasantville','1956-02-20'),('Ramez','Elmasri','Oxford','1970-02-16'),('Junia','Everal','Los Angeles','1973-11-09'),('Cecile','Follacaro','New York','1986-01-08'),('Quincey','Franke','Bloomington','1964-10-12'),('Sim','Frondt','Bloomington','1967-05-20'),('Bryanty','Froud','London','1970-10-30'),('Luciano','Gamberini','Rome','1979-11-08'),('Corri','Gavrieli','London','1974-06-30'),('Bruno','Goodsall','London','1963-04-27'),('Emiline','Greenhough','Madison','1982-04-11'),('Merrick','Harbron','Pleasantville','1959-11-09'),('Mirelle','Hehnke','Los Angeles','1968-06-25'),('Branden','Huffer','Bloomington','1955-01-03'),('Cal','Inkin','Oxford','1969-11-22'),('Jasen','Itter','Madison','1967-12-24'),('Sansone','Jansen','Lawrence','1968-05-12'),('Lu','Jenne','Seul','1977-01-11'),('Beverlee','Jepensen','Cumberland','1976-12-17'),('Giustina','Jezzard','Pleasantville','1969-02-04'),('Barr','Labbet','Lawrence','1967-07-06'),('Merna','Lambal','London','1969-09-30'),('Russ','Leander','Oxford','1959-11-16'),('Godwin','Lebbern','San Diego','1983-11-16'),('Hirsch','Legging','Oxford','1961-12-19'),('Giffer','Leisman','Los Angeles','1959-05-25'),('Farrah','Letham','Oxford','1962-07-15'),('Gil','Lettington','Los Angeles','1974-08-11'),('Adamo','Ligoe','New York','1971-03-26'),('Ursula','Lockitt','Liverpool','1967-12-14'),('Peri','Maher','Wilpen','1967-04-08'),('Sella','Marriage','Madison','1988-12-01'),('Theo','McLauchlin','Cardiff','1961-03-01'),('Gregorius','McPhater','Pleasantville','1976-12-04'),('Isacco','McSherry','Edimburg','1976-04-17'),('Chelsea','Nannetti','San Diego','1973-04-14'),('Shamkant','Navathe','London','1962-11-24'),('Alessandro','Oldam','New York','1972-07-09'),('Gabriella','Orum','Madison','1958-11-21'),('Margaretta','Pardal','New York','1970-03-08'),('Pincas','Paulisch','Berlino','1973-12-24'),('Cristian','Pes','New York','1981-09-10'),('Nicki','Pharrow','Los Angeles','1984-09-16'),('Reta','Philippsohn','Washington','1966-10-08'),('Marja','Rosedale','New York','1989-03-25'),('Yancey','Sacher','Lawrence','1961-04-17'),('Lewes','Salsberg','Cumberland','1988-05-18'),('Raquel','Semered','Bloomington','1972-03-21'),('Brynn','Semor','Oslo','1986-05-09'),('Merissa','Senechault','New York','1956-02-02'),('Boycie','Shorey','Amsterdam','1989-11-20'),('Zilvia','Silver','Nashville','1958-04-25'),('Jacquenette','Snookes','Lawrence','1973-08-07'),('Marnie','Spinke','Los Angeles','1987-09-07'),('Ileane','Spurriar','Los Angeles','1969-09-03'),('Cointon','Stranaghan','New York','1963-12-30'),('Hastings','Sweetman','Los Angeles','1978-08-13'),('Ange','Symcox','Paris','1977-07-01'),('Harlene','Tartt','New York','1984-09-20'),('Gwyneth','Tinsley','Los Angeles','1986-05-12'),('Burk','Torr','Bloomington','1984-08-01'),('Maible','Twidale','Bloomington','1963-01-29'),('Jermaine','Van Velde','Los Angeles','1979-04-23'),('Leroy','Vasiltsov','San Diego','1976-10-13'),('Andrej','Von Der Empten','Amsterdam','1989-12-17'),('De','Wackly','Bloomington','1989-09-17'),('Breanne','Weben','London','1989-11-13'),('Jodee','Westwick','Liverpool','1968-01-23'),('Hortense','Whatson','Washington','1978-08-25'),('Shelbi','Wheelton','Los Angeles','1987-09-12'),('Sandro','Wilcher','Nashville','1990-09-25'),('Erny','Wrixon','Nashville','1967-02-25'),('Enrico','Zimuel','Milan','1972-04-11');
/*!40000 ALTER TABLE `AUTORE` ENABLE KEYS */;
UNLOCK TABLES;

--
-- Table structure for table `BIBLIOTECA`
--

DROP TABLE IF EXISTS `BIBLIOTECA`;
/*!40101 SET @saved_cs_client     = @@character_set_client */;
/*!40101 SET character_set_client = utf8 */;
CREATE TABLE `BIBLIOTECA` (
  `Cod_biblioteca` int(11) NOT NULL,
  `Indirizzo_bibl` varchar(30) NOT NULL,
  `Nome_bibl` varchar(50) NOT NULL,
  `Direttore_bibl` varchar(40) NOT NULL,
  PRIMARY KEY (`Cod_biblioteca`)
) ENGINE=InnoDB DEFAULT CHARSET=latin1;
/*!40101 SET character_set_client = @saved_cs_client */;

--
-- Dumping data for table `BIBLIOTECA`
--

LOCK TABLES `BIBLIOTECA` WRITE;
/*!40000 ALTER TABLE `BIBLIOTECA` DISABLE KEYS */;
INSERT INTO `BIBLIOTECA` VALUES (1,'Via Ghiara 36','Architettura','Prof. Alessandro Ippoliti'),(2,'Via Voltapaletto 11','Economia e Management','Prof. Laura Ramaciotti'),(3,'Via Saragat 1','Fisica e Scienze della terra','Prof. Vincenzo Guidi'),(4,'Corso Ercole I d\'Este 37','Giurisprudenza','Prof. Daniele Negri'),(5,'Via Saragat 1','Ingegneria','Prof. Marco Franchini'),(6,'Via Machiavelli 30','Matematica ed informatica','Prof. Massimiliano Mella'),(7,'Via Luigi Borsari 46','Morfologia, Chirurgia e medicina sperimentale','Prof. Paola Secchiero'),(8,'Via Luigi Borsari 46','Scienze biomediche e chirurgo specialistiche','Prof. Stefano Pelucchi'),(9,'Via Luigi Borsari 46','Scienze chimiche e farmaceutiche','Prof. Olga Bortolini'),(10,'Via Luigi Borsari 46','Scienze della vita e biotecnologie','Prof. Mirko Pinotti'),(11,'Via Fossato di Mortara 64/B','Scienze mediche','Prof. Lamberto Manzoli'),(12,'Via Paradiso 12','Studi umanistici','Prof. Paolo Tanganelli');
/*!40000 ALTER TABLE `BIBLIOTECA` ENABLE KEYS */;
UNLOCK TABLES;

--
-- Table structure for table `COPIE_LIBRO`
--

DROP TABLE IF EXISTS `COPIE_LIBRO`;
/*!40101 SET @saved_cs_client     = @@character_set_client */;
/*!40101 SET character_set_client = utf8 */;
CREATE TABLE `COPIE_LIBRO` (
  `ID` int(11) NOT NULL,
  `ISBN` varchar(13) NOT NULL,
  `Cod_biblioteca` int(11) NOT NULL,
  `Presenza` tinyint(1) NOT NULL,
  PRIMARY KEY (`ID`),
  KEY `ISBN` (`ISBN`),
  KEY `Cod_biblioteca` (`Cod_biblioteca`),
  CONSTRAINT `COPIE_LIBRO_ibfk_1` FOREIGN KEY (`ISBN`) REFERENCES `LIBRO` (`ISBN`) ON DELETE CASCADE ON UPDATE CASCADE,
  CONSTRAINT `COPIE_LIBRO_ibfk_2` FOREIGN KEY (`Cod_biblioteca`) REFERENCES `BIBLIOTECA` (`Cod_biblioteca`) ON DELETE CASCADE ON UPDATE CASCADE
) ENGINE=InnoDB DEFAULT CHARSET=latin1;
/*!40101 SET character_set_client = @saved_cs_client */;

--
-- Dumping data for table `COPIE_LIBRO`
--

LOCK TABLES `COPIE_LIBRO` WRITE;
/*!40000 ALTER TABLE `COPIE_LIBRO` DISABLE KEYS */;
INSERT INTO `COPIE_LIBRO` VALUES (1,'870560200-9',8,1),(2,'870560200-9',12,1),(3,'870560200-9',11,0),(4,'870560200-9',3,0),(5,'137066182-7',4,1),(6,'137066182-7',5,1),(7,'137066182-7',6,1),(8,'386397507-3',2,0),(9,'386397507-3',6,1),(10,'386397507-3',7,0),(11,'386397507-3',7,0),(12,'386397507-3',2,1),(13,'560797299-2',5,0),(14,'560797299-2',3,1),(15,'368990830-2',4,1),(16,'368990830-2',4,1),(17,'368990830-2',2,1),(18,'712463375-3',11,1),(19,'712463375-3',5,0),(20,'712463375-3',2,0),(21,'712463375-3',1,1),(22,'536751983-0',6,1),(23,'536751983-0',7,1),(24,'175205668-X',10,1),(25,'175205668-X',8,1),(26,'175205668-X',4,1),(27,'175205668-X',7,1),(28,'607745120-7',7,1),(29,'607745120-7',4,1),(30,'607745120-7',11,1),(31,'607745120-7',5,1),(32,'607745120-7',11,1),(33,'226372696-9',11,1),(34,'226372696-9',3,1),(35,'226372696-9',2,1),(36,'457456450-4',2,1),(37,'457456450-4',7,1),(38,'457456450-4',7,1),(39,'457456450-4',3,1),(40,'369048652-1',1,1),(41,'369048652-1',2,1),(42,'946684198-X',10,1),(43,'946684198-X',3,1),(44,'946684198-X',6,1),(45,'946684198-X',12,1),(46,'946684198-X',6,1),(47,'843331705-9',9,1),(48,'843331705-9',1,1),(49,'843331705-9',5,1),(50,'436501926-0',2,1),(51,'436501926-0',3,1),(52,'436501926-0',5,1),(53,'436501926-0',7,1),(54,'436501926-0',9,1),(55,'436501926-0',3,1),(56,'167947701-3',3,1),(57,'167947701-3',1,1),(58,'167947701-3',9,1),(59,'167947701-3',9,1),(60,'167947701-3',4,1),(61,'167947701-3',8,1),(62,'167947701-3',2,1),(63,'872379238-8',3,1),(64,'872379238-8',6,1),(65,'872379238-8',4,1),(66,'872379238-8',5,1),(67,'872379238-8',7,1),(68,'872379238-8',11,1),(69,'872379238-8',12,1),(70,'872379238-8',9,1),(71,'872379238-8',12,1),(72,'565659819-5',1,1),(73,'565659819-5',6,1),(74,'565659819-5',2,1),(75,'565659819-5',6,1),(76,'565659819-5',5,1),(77,'565659819-5',8,1),(78,'421308038-2',3,1),(79,'421308038-2',6,1),(80,'421308038-2',12,1),(81,'421308038-2',4,1),(82,'421308038-2',8,1),(83,'366292343-2',5,1),(84,'366292343-2',11,1),(85,'366292343-2',5,1),(86,'657583349-7',8,1),(87,'657583349-7',2,1),(88,'387623794-7',5,1),(89,'387623794-7',4,1),(90,'387623794-7',11,1),(91,'660038142-6',9,1),(92,'660038142-6',11,1),(93,'660038142-6',12,1),(94,'660038142-6',12,1),(95,'660038142-6',5,1),(96,'660038142-6',4,1),(97,'660038142-6',4,1),(98,'660038142-6',11,1),(99,'867778553-1',3,0),(100,'867778553-1',4,1),(101,'867778553-1',8,1),(102,'867778553-1',2,1),(103,'867778553-1',4,1),(104,'867778553-1',2,1),(105,'165632171-8',3,1),(106,'507124152-8',10,1),(107,'507124152-8',7,1),(108,'507124152-8',11,0),(109,'507124152-8',12,1),(110,'507124152-8',12,1),(111,'507124152-8',11,1),(112,'364615054-8',4,1),(113,'364615054-8',8,1),(114,'364615054-8',3,1),(115,'925812482-0',3,1),(116,'925812482-0',12,1),(117,'925812482-0',10,1),(118,'925812482-0',4,1),(119,'925812482-0',5,1),(120,'925812482-0',2,1),(121,'951964371-0',3,0),(122,'825867311-4',2,0),(123,'825867311-4',12,1),(124,'825867311-4',2,0),(125,'517581126-6',1,1),(126,'517581126-6',5,1),(127,'517581126-6',5,1),(128,'517581126-6',5,1),(129,'517581126-6',3,1),(130,'509808775-9',7,1),(131,'509808775-9',8,1),(132,'509808775-9',11,1),(133,'075305079-X',9,1),(134,'075305079-X',12,1),(135,'075305079-X',12,1),(136,'075305079-X',12,1),(137,'075305079-X',9,1),(138,'075305079-X',6,1),(139,'216013488-0',10,1),(140,'216013488-0',9,1),(141,'216013488-0',6,1),(142,'216013488-0',8,1),(143,'216013488-0',1,1),(144,'216013488-0',2,1),(145,'333748888-9',11,1),(146,'333748888-9',4,1),(147,'585173205-9',1,1),(148,'585173205-9',9,1),(149,'585173205-9',7,1),(150,'376459959-6',6,1),(151,'376459959-6',10,1),(152,'376459959-6',10,1),(153,'947990234-6',7,1),(154,'947990234-6',10,1),(155,'947990234-6',11,1),(156,'405663612-5',8,1),(157,'405663612-5',2,1),(158,'405663612-5',4,1),(159,'405663612-5',1,1),(160,'405663612-5',5,1),(161,'405663612-5',11,1),(162,'405663612-5',8,1),(163,'405663612-5',3,1),(164,'740153355-3',7,1),(165,'740153355-3',8,1),(166,'740153355-3',3,1),(167,'740153355-3',7,1),(168,'740153355-3',4,1),(169,'740153355-3',9,1),(170,'740153355-3',4,1),(171,'698429931-4',12,1),(172,'698429931-4',2,1),(173,'698429931-4',12,1),(174,'698429931-4',1,1),(175,'661872594-1',3,1),(176,'661872594-1',10,1),(177,'661872594-1',4,1),(178,'661872594-1',4,1),(179,'851106761-2',7,1),(180,'851106761-2',11,1),(181,'851106761-2',9,1),(182,'301170811-8',4,1),(183,'301170811-8',8,1),(184,'301170811-8',4,1),(185,'301170811-8',1,1),(186,'214940353-6',6,1),(187,'214940353-6',11,1),(188,'214940353-6',3,1),(189,'214940353-6',10,1),(190,'214940353-6',11,1),(191,'214940353-6',7,1),(192,'814543114-X',8,1),(193,'814543114-X',7,1),(194,'814543114-X',10,1),(195,'814543114-X',3,1),(196,'814543114-X',2,1),(197,'814543114-X',12,1),(198,'814543114-X',9,1),(199,'814543114-X',6,1),(200,'050916783-7',8,1),(201,'050916783-7',1,1),(202,'050916783-7',6,1),(203,'296111646-5',10,1),(204,'296111646-5',12,1),(205,'296111646-5',6,1),(206,'296111646-5',1,1),(207,'296111646-5',10,1),(208,'296111646-5',9,1),(209,'296111646-5',4,1),(210,'076691563-8',4,1),(211,'129488690-8',7,1),(212,'129488690-8',1,1),(213,'129488690-8',7,1),(214,'292051296-X',2,1),(215,'292051296-X',4,1),(216,'292051296-X',8,1),(217,'292051296-X',8,1),(218,'331424241-7',3,1),(219,'331424241-7',11,1),(220,'331424241-7',6,1),(221,'065646345-7',1,1),(222,'065646345-7',5,1),(223,'065646345-7',2,1),(224,'065646345-7',8,1),(225,'065646345-7',3,1),(226,'009140312-X',4,1),(227,'009140312-X',9,1),(228,'009140312-X',2,1),(229,'009140312-X',1,1),(230,'009140312-X',2,1),(231,'009140312-X',10,1),(232,'093035174-6',1,1),(233,'093035174-6',7,1),(234,'093035174-6',7,1),(235,'093035174-6',1,1),(236,'093035174-6',1,1),(237,'093035174-6',7,1),(238,'093035174-6',10,1),(239,'093035174-6',9,1),(240,'394873350-3',11,1),(241,'394873350-3',2,1),(242,'394873350-3',4,1),(243,'394873350-3',11,1),(244,'132261731-7',8,1),(245,'132261731-7',6,1),(246,'132261731-7',3,1),(247,'132261731-7',4,1),(248,'368968937-6',2,1),(249,'368968937-6',5,1),(250,'368968937-6',2,1),(251,'368968937-6',7,1),(252,'368968937-6',6,1),(253,'368968937-6',7,1),(254,'368968937-6',8,1),(255,'368968937-6',1,1),(256,'004023598-X',10,1),(257,'004023598-X',12,1),(258,'004023598-X',10,1),(259,'004023598-X',11,1),(260,'004023598-X',12,1),(261,'004023598-X',12,1),(262,'004023598-X',9,1),(263,'004023598-X',1,1),(264,'004023598-X',6,1),(265,'004023598-X',3,1),(266,'004023598-X',2,1),(267,'004023598-X',7,1),(268,'290005808-2',10,1),(269,'290005808-2',11,1),(270,'290005808-2',3,1),(271,'182342356-6',8,1),(272,'182342356-6',12,1),(273,'182342356-6',7,1),(274,'182342356-6',7,1),(275,'182342356-6',8,1),(276,'182342356-6',12,1),(277,'147191251-5',10,1),(278,'147191251-5',12,1),(279,'147191251-5',1,1),(280,'194862546-6',2,1),(281,'171208472-0',2,1),(282,'171208472-0',8,1),(283,'171208472-0',8,1),(284,'171208472-0',9,1),(285,'171208472-0',3,1),(286,'362309208-8',9,1),(287,'992229254-8',6,1),(288,'992229254-8',3,1),(289,'103300276-3',6,1),(290,'103300276-3',5,1),(291,'103300276-3',3,1),(292,'103300276-3',5,1),(293,'103300276-3',1,1),(294,'103300276-3',3,1),(295,'103300276-3',11,1),(296,'253760945-X',4,1),(297,'253760945-X',4,1),(298,'253760945-X',5,1),(299,'253760945-X',1,1),(300,'253760945-X',3,1),(301,'253760945-X',8,1),(302,'253760945-X',9,1),(303,'253760945-X',3,1),(304,'253760945-X',2,1),(305,'015674765-0',4,1),(306,'015674765-0',11,1),(307,'015674765-0',1,1),(308,'015674765-0',1,1),(309,'131544489-5',11,1),(310,'131544489-5',2,1),(311,'131544489-5',3,1),(312,'526942871-7',12,1),(313,'526942871-7',9,1),(314,'526942871-7',10,1),(315,'526942871-7',9,1),(316,'526942871-7',12,1),(317,'280992700-6',7,1),(318,'280992700-6',2,1),(319,'280992700-6',2,1),(320,'672560381-5',12,1),(321,'672560381-5',6,1),(322,'672560381-5',4,1),(323,'672560381-5',5,1),(324,'672560381-5',7,1),(325,'672560381-5',7,1),(326,'672560381-5',3,1),(327,'404884623-X',10,1),(328,'404884623-X',11,1),(329,'404884623-X',8,1),(330,'404884623-X',10,1),(331,'404884623-X',1,1),(332,'404884623-X',3,1),(333,'404884623-X',7,1),(334,'404884623-X',4,1),(335,'271280652-2',4,1),(336,'271280652-2',10,1),(337,'271280652-2',3,1),(338,'271280652-2',5,1),(339,'271280652-2',11,1),(340,'271280652-2',1,1),(341,'816886703-3',6,0),(342,'816886703-3',1,1),(343,'502714957-3',12,0),(344,'502714957-3',2,1),(345,'502714957-3',11,1),(346,'502714957-3',8,1),(347,'502714957-3',1,1),(348,'998941371-1',5,1),(349,'998941371-1',10,1),(350,'998941371-1',3,1),(351,'998941371-1',5,1),(352,'998941371-1',4,1),(353,'998941371-1',6,1),(354,'998941371-1',9,1),(355,'998941371-1',10,1),(356,'998941371-1',1,1),(357,'510453377-8',12,1),(358,'510453377-8',7,1),(359,'510453377-8',11,1),(360,'299282269-8',7,1),(361,'299282269-8',4,1),(362,'299282269-8',12,1),(363,'299282269-8',10,1),(364,'136964378-0',11,1),(365,'136964378-0',3,1),(366,'136964378-0',2,1),(367,'432587582-4',8,1),(368,'432587582-4',5,1),(369,'432587582-4',6,1),(370,'284203566-6',7,1),(371,'284203566-6',5,1),(372,'284203566-6',11,1),(373,'083845517-4',8,1),(374,'441842932-8',5,1),(375,'441842932-8',1,1),(376,'441842932-8',6,1),(377,'009047587-9',1,1),(378,'009047587-9',2,1),(379,'594275024-6',11,1),(380,'594275024-6',10,1),(381,'594275024-6',5,1),(382,'594275024-6',4,1),(383,'222223087-X',1,1),(384,'222223087-X',10,1),(385,'222223087-X',1,1),(386,'222223087-X',10,1),(387,'343838580-5',11,1),(388,'343838580-5',12,1),(389,'343838580-5',5,1),(390,'343838580-5',9,1),(391,'343838580-5',7,1),(392,'343838580-5',9,1),(393,'343838580-5',8,1),(394,'343838580-5',4,1),(395,'343838580-5',7,1),(396,'469863297-8',11,1),(397,'469863297-8',6,1),(398,'469863297-8',3,1),(399,'469863297-8',3,1),(400,'371268896-2',11,1),(401,'371268896-2',9,1),(402,'371268896-2',8,1),(403,'371268896-2',10,1),(404,'371268896-2',4,1),(405,'542931356-4',1,1),(406,'542931356-4',11,1),(407,'542931356-4',10,1),(408,'542931356-4',1,1),(409,'542931356-4',1,1),(410,'542931356-4',9,1),(411,'542931356-4',11,1),(412,'542931356-4',5,1),(413,'542931356-4',12,1),(414,'752213396-3',12,1),(415,'752213396-3',3,1),(416,'752213396-3',1,1),(417,'752213396-3',10,1),(418,'752213396-3',1,1),(419,'752213396-3',12,1),(420,'752213396-3',2,1),(421,'752213396-3',9,1),(422,'752213396-3',7,1),(423,'255439894-1',10,1),(424,'255439894-1',5,1),(425,'255439894-1',11,1),(426,'887526619-0',4,1),(427,'887526619-0',3,1),(428,'887526619-0',4,1),(429,'887526619-0',7,1),(430,'887526619-0',6,1),(431,'887526619-0',3,1),(432,'887526619-0',3,1),(433,'887526619-0',1,1),(434,'887526619-0',12,1),(435,'492112694-1',7,1),(436,'492112694-1',2,1),(437,'492112694-1',10,1),(438,'492112694-1',4,1),(439,'492112694-1',3,1),(440,'492112694-1',11,1),(441,'492112694-1',1,1),(442,'469785019-X',1,1),(443,'469785019-X',3,1),(444,'469785019-X',1,1),(445,'469785019-X',12,1),(446,'469785019-X',5,1),(447,'469785019-X',1,1),(448,'469785019-X',10,1),(449,'469785019-X',6,1),(450,'469785019-X',1,1),(451,'469785019-X',11,0),(452,'469785019-X',2,1),(453,'469785019-X',7,1),(454,'469785019-X',8,1),(455,'469785019-X',7,1),(456,'469785019-X',5,1),(457,'469785019-X',12,1),(458,'469785019-X',9,1),(459,'158999545-7',9,1),(460,'158999545-7',6,1),(461,'158999545-7',2,1),(462,'158999545-7',11,1),(463,'158999545-7',9,1),(464,'158999545-7',3,1),(465,'158999545-7',11,1),(466,'158999545-7',3,1),(467,'158999545-7',5,1),(468,'158999545-7',9,1),(469,'989371762-0',7,1),(470,'989371762-0',7,1),(471,'989371762-0',7,1),(472,'989371762-0',7,1),(473,'989371762-0',7,1),(474,'989371762-0',9,1),(475,'989371762-0',7,1),(476,'989371762-0',7,1),(477,'989371762-0',2,1),(478,'989371762-0',8,1),(479,'087133062-8',4,1),(480,'087133062-8',7,1),(481,'087133062-8',8,1),(482,'087133062-8',3,1),(483,'087133062-8',9,1),(484,'087133062-8',2,1),(485,'449571196-2',10,1),(486,'671158165-2',3,1),(487,'671158165-2',7,1),(488,'671158165-2',10,1),(489,'671158165-2',12,1),(490,'671158165-2',4,1),(491,'671158165-2',4,1),(492,'671158165-2',1,1),(493,'014330257-4',2,1),(494,'014330257-4',12,1),(495,'014330257-4',4,1),(496,'014330257-4',12,1),(497,'014330257-4',3,1),(498,'014330257-4',8,1),(499,'192373118-1',8,1),(500,'192373118-1',9,1),(501,'192373118-1',2,1),(502,'192373118-1',3,1),(503,'192373118-1',4,1),(504,'192373118-1',9,1),(505,'347737564-5',11,1),(506,'347737564-5',11,1),(507,'347737564-5',4,1),(508,'347737564-5',1,1),(509,'347737564-5',6,1),(510,'347737564-5',7,1),(511,'136320382-7',7,1),(512,'136320382-7',1,1),(513,'136320382-7',9,1),(514,'136320382-7',4,1),(515,'136320382-7',3,1),(516,'136320382-7',7,1),(517,'136320382-7',6,1),(518,'136320382-7',10,1),(519,'136320382-7',5,1),(520,'136320382-7',5,1),(521,'389625239-9',1,1),(522,'389625239-9',8,1),(523,'389625239-9',6,1),(524,'389625239-9',3,1),(525,'389625239-9',7,1),(526,'389625239-9',10,1),(527,'389625239-9',3,1),(528,'389625239-9',9,1),(529,'389625239-9',6,1),(530,'389625239-9',11,1),(531,'389625239-9',6,1),(532,'786395256-5',7,1),(533,'786395256-5',1,1),(534,'786395256-5',9,1),(535,'786395256-5',4,1),(536,'786395256-5',12,1),(537,'786395256-5',7,1),(538,'786395256-5',7,1),(539,'085745713-6',12,1),(540,'085745713-6',12,1),(541,'085745713-6',2,1),(542,'085745713-6',6,1),(543,'085745713-6',1,1),(544,'801081738-4',11,1),(545,'801081738-4',9,1),(546,'801081738-4',3,1),(547,'801081738-4',6,1),(548,'801081738-4',3,1),(549,'801081738-4',1,1),(550,'801081738-4',10,1),(551,'801081738-4',8,1),(552,'801081738-4',1,1),(553,'801081738-4',5,1),(554,'611928800-7',1,1),(555,'611928800-7',3,1),(556,'611928800-7',12,1),(557,'611928800-7',11,1),(558,'611928800-7',6,1),(559,'611928800-7',9,1),(560,'611928800-7',4,1),(561,'611928800-7',4,1),(562,'023019395-1',2,1),(563,'023019395-1',11,1),(564,'023019395-1',4,1),(565,'023019395-1',11,1),(566,'023019395-1',2,1),(567,'023019395-1',3,1),(568,'023019395-1',5,1),(569,'023019395-1',9,1),(570,'023019395-1',3,1),(571,'023019395-1',5,1),(572,'023019395-1',10,1),(573,'023019395-1',8,1),(574,'023019395-1',6,1),(575,'023019395-1',9,1),(576,'023019395-1',5,1),(577,'023019395-1',8,1),(578,'595626866-2',2,1),(579,'595626866-2',8,1),(580,'595626866-2',8,1),(581,'595626866-2',12,1),(582,'595626866-2',3,1),(583,'595626866-2',9,1),(584,'595626866-2',5,1),(585,'595626866-2',4,1),(586,'168316748-1',12,1),(587,'168316748-1',4,1),(588,'168316748-1',2,1),(589,'168316748-1',5,1),(590,'168316748-1',12,1),(591,'168316748-1',5,1),(592,'168316748-1',8,1),(593,'168316748-1',2,1),(594,'168316748-1',3,1),(595,'744780754-0',12,1),(596,'744780754-0',12,1),(597,'744780754-0',5,1),(598,'744780754-0',3,1),(599,'744780754-0',5,1),(600,'744780754-0',1,1),(601,'744780754-0',5,1),(602,'744780754-0',9,1),(603,'744780754-0',11,1),(604,'560211284-7',12,1),(605,'560211284-7',2,1),(606,'560211284-7',7,1),(607,'560211284-7',5,1),(608,'560211284-7',10,1),(609,'560211284-7',9,1),(610,'560211284-7',1,1),(611,'560211284-7',6,1),(612,'663119553-5',8,1),(613,'663119553-5',3,1),(614,'663119553-5',3,1),(615,'663119553-5',12,1),(616,'769740772-8',6,1),(617,'769740772-8',2,1),(618,'769740772-8',4,1),(619,'769740772-8',8,1),(620,'769740772-8',6,1),(621,'769740772-8',4,1),(622,'769740772-8',12,1),(623,'769740772-8',2,1),(624,'769740772-8',5,1),(625,'769740772-8',3,1),(626,'769740772-8',1,1),(627,'769740772-8',5,1),(628,'769740772-8',7,1),(629,'421128511-4',3,1),(630,'421128511-4',9,1),(631,'421128511-4',8,1),(632,'421128511-4',7,1),(633,'421128511-4',6,1),(634,'421128511-4',6,1),(635,'421128511-4',7,1),(636,'421128511-4',8,1),(637,'421128511-4',1,1),(638,'421128511-4',12,1),(639,'978061177-0',6,1),(640,'978061177-0',9,1),(641,'259579784-0',12,1),(642,'978061177-0',12,1),(643,'978061177-0',5,1),(644,'259579784-0',3,1),(645,'978061177-0',2,1),(646,'978061177-0',5,1),(647,'259579784-0',9,1),(648,'978061177-0',3,1),(649,'978061177-0',9,1),(650,'259579784-0',4,1),(651,'259579784-0',9,1),(652,'259579784-0',12,1),(653,'554021569-9',4,1),(654,'554021569-9',10,1),(655,'554021569-9',5,1),(656,'554021569-9',6,1),(657,'554021569-9',11,1),(658,'554021569-9',10,1),(659,'554021569-9',1,1),(660,'554021569-9',2,1),(661,'022938411-0',6,1),(662,'022938411-0',8,1),(663,'022938411-0',8,1),(664,'022938411-0',12,1),(665,'022938411-0',2,1),(666,'022938411-0',3,1),(667,'022938411-0',8,1),(668,'768148078-1',3,1),(669,'768148078-1',3,1),(670,'768148078-1',2,1),(671,'768148078-1',11,1),(672,'768148078-1',2,1),(673,'768148078-1',1,1),(674,'768148078-1',4,1),(675,'768148078-1',4,1),(676,'768148078-1',2,1),(677,'768148078-1',9,1),(678,'768148078-1',12,1),(679,'768148078-1',5,1),(680,'600597433-5',6,1),(681,'600597433-5',4,1),(682,'600597433-5',1,1),(683,'600597433-5',5,1),(684,'600597433-5',7,1),(685,'600597433-5',11,1),(686,'600597433-5',10,1),(687,'600597433-5',1,1),(688,'068254989-4',9,1),(689,'068254989-4',7,1),(690,'068254989-4',1,1),(691,'068254989-4',10,1),(692,'068254989-4',1,1),(693,'068254989-4',9,1),(694,'068254989-4',6,1),(695,'068254989-4',1,1),(696,'863050834-5',11,1),(697,'863050834-5',8,1),(698,'863050834-5',8,1),(699,'863050834-5',1,1),(700,'863050834-5',11,1),(701,'863050834-5',10,1),(702,'863050834-5',12,1),(703,'425111017-X',12,1),(704,'425111017-X',10,1),(705,'425111017-X',4,1),(706,'425111017-X',4,1),(707,'425111017-X',12,1),(708,'425111017-X',1,1),(709,'425111017-X',4,1),(710,'265972215-3',4,1),(711,'265972215-3',6,1),(712,'265972215-3',7,1),(713,'265972215-3',4,1),(714,'265972215-3',11,1),(715,'265972215-3',1,1),(716,'927994979-9',2,1),(717,'927994979-9',8,1),(718,'927994979-9',1,1),(719,'927994979-9',11,1),(720,'927994979-9',3,1),(721,'101215590-0',2,1),(722,'101215590-0',9,1),(723,'101215590-0',3,1),(724,'101215590-0',11,1),(725,'101215590-0',2,1),(726,'101215590-0',4,1),(727,'101215590-0',10,1),(728,'101215590-0',10,1),(729,'101215590-0',12,1),(730,'101215590-0',10,1),(731,'101215590-0',8,1),(732,'101215590-0',9,1),(733,'101215590-0',10,1),(734,'101215590-0',8,1),(735,'101215590-0',6,1),(736,'101215590-0',2,1),(737,'101215590-0',11,1),(738,'101215590-0',5,1),(739,'101215590-0',2,1),(740,'101215590-0',2,1),(741,'976860084-5',9,1),(742,'976860084-5',7,1),(743,'976860084-5',8,1),(744,'976860084-5',12,1),(745,'976860084-5',5,1),(746,'976860084-5',9,1),(747,'976860084-5',2,1),(748,'976860084-5',12,1),(749,'976860084-5',10,1),(750,'976860084-5',1,1),(751,'976860084-5',3,1),(752,'976860084-5',12,1),(753,'976860084-5',9,1),(754,'976860084-5',6,1),(755,'976860084-5',11,1),(756,'976860084-5',10,1),(757,'976860084-5',9,1),(758,'976860084-5',8,1),(759,'976860084-5',8,1),(760,'976860084-5',8,1),(761,'384050463-5',6,1),(762,'384050463-5',3,1),(763,'384050463-5',4,1),(764,'384050463-5',4,1),(765,'384050463-5',10,1),(766,'384050463-5',10,1),(767,'384050463-5',5,1),(768,'384050463-5',9,1),(769,'653175736-1',3,1),(770,'653175736-1',6,1),(771,'653175736-1',10,1),(772,'653175736-1',11,1),(773,'653175736-1',12,1),(774,'653175736-1',6,1),(775,'653175736-1',11,1),(776,'653175736-1',5,1),(777,'653175736-1',3,1),(778,'653175736-1',1,1),(779,'653175736-1',5,1),(780,'653175736-1',12,1),(781,'653175736-1',1,1),(782,'760264513-8',7,1),(783,'760264513-8',12,1),(784,'760264513-8',9,1),(785,'760264513-8',12,1),(786,'836374770-X',10,1),(787,'836374770-X',7,1),(788,'836374770-X',8,1),(789,'836374770-X',6,1),(790,'179592990-1',2,1),(791,'179592990-1',4,1),(792,'179592990-1',11,1),(793,'179592990-1',4,1),(794,'179592990-1',8,1),(795,'179592990-1',2,1),(796,'385828979-5',2,1),(797,'385828979-5',6,1),(798,'385828979-5',7,1),(799,'385828979-5',10,1),(800,'385828979-5',8,1),(801,'385828979-5',12,1),(802,'391578830-9',8,1),(803,'391578830-9',7,1),(804,'391578830-9',12,1),(805,'052706515-3',1,1),(806,'052706515-3',5,1),(807,'052706515-3',4,1),(808,'256739345-5',3,1),(809,'256739345-5',6,1),(810,'346481000-3',8,1),(811,'346481000-3',3,1),(812,'346481000-3',6,1),(813,'857627191-5',3,1),(814,'857627191-5',2,1),(815,'857627191-5',2,1),(816,'857627191-5',2,1),(817,'653073623-9',12,1),(818,'653073623-9',8,1),(819,'653073623-9',10,1),(820,'653073623-9',5,1),(821,'435456826-8',10,1),(822,'435456826-8',1,1),(823,'435456826-8',4,1),(824,'435456826-8',1,1),(825,'435456826-8',8,1),(826,'435456826-8',5,1),(827,'435456826-8',3,1),(828,'435456826-8',1,1),(829,'601546113-6',12,1),(830,'601546113-6',12,1),(831,'829914597-X',9,1),(832,'829914597-X',11,1),(833,'829914597-X',7,1),(834,'829914597-X',3,1),(835,'829914597-X',11,1),(836,'829914597-X',8,1),(837,'829914597-X',8,1),(838,'970334328-7',2,1),(839,'970334328-7',11,1),(840,'970334328-7',2,1),(841,'970334328-7',10,1),(842,'970334328-7',1,1),(843,'970334328-7',7,1),(844,'970334328-7',12,1),(845,'086031288-7',3,1),(846,'086031288-7',9,1),(847,'733508116-5',1,1),(848,'733508116-5',2,1),(849,'733508116-5',5,1),(850,'733508116-5',10,1),(851,'733508116-5',7,1),(852,'733508116-5',2,1),(853,'733508116-5',11,1),(854,'733508116-5',10,1),(855,'733508116-5',3,1),(856,'055417113-9',6,1),(857,'055417113-9',3,1),(858,'055417113-9',5,1),(859,'055417113-9',7,1),(860,'055417113-9',2,1),(861,'055417113-9',4,1),(862,'515279116-1',4,1),(863,'515279116-1',1,1),(864,'515279116-1',11,1),(865,'515279116-1',7,1),(866,'515279116-1',11,1),(867,'515279116-1',6,1),(868,'515279116-1',2,1),(869,'515279116-1',1,1),(870,'515279116-1',4,1),(871,'515279116-1',3,1),(872,'515279116-1',10,1),(873,'515279116-1',5,1),(874,'515279116-1',10,1),(875,'515279116-1',10,1),(876,'184722570-5',7,1),(877,'184722570-5',6,1),(878,'184722570-5',11,1),(879,'184722570-5',9,1),(880,'184722570-5',10,1),(881,'521329516-9',9,1),(882,'521329516-9',3,1),(883,'521329516-9',11,1),(884,'521329516-9',7,1),(885,'521329516-9',12,1),(886,'742437654-3',1,1),(887,'372098427-3',1,1),(888,'742437654-3',2,1),(889,'372098427-3',6,1),(890,'372098427-3',7,1),(891,'372098427-3',3,1),(892,'190222315-2',9,1),(893,'190222315-2',10,1),(894,'190222315-2',4,1),(895,'190222315-2',7,1),(896,'521847642-0',4,1),(897,'521847642-0',2,1),(898,'521847642-0',1,1),(899,'521847642-0',6,1),(900,'264788349-1',2,1),(901,'264788349-1',4,1),(902,'264788349-1',9,1),(903,'368515943-7',12,1),(904,'368515943-7',8,1),(905,'368515943-7',7,1),(906,'368515943-7',9,1),(907,'368515943-7',3,1),(908,'368515943-7',12,1),(909,'259418123-4',7,1),(910,'006821799-4',11,1),(911,'259418123-4',10,1),(912,'006821799-4',3,1),(913,'006821799-4',2,1),(914,'006821799-4',9,1),(915,'006821799-4',10,1),(916,'060088686-7',2,1),(917,'060088686-7',10,1),(918,'060088686-7',10,1),(919,'060088686-7',3,1),(920,'060088686-7',3,1),(921,'060088686-7',5,1),(922,'966859767-2',6,1),(923,'966859767-2',12,1),(924,'966859767-2',2,1),(925,'966859767-2',9,1),(926,'966859767-2',6,1),(927,'966859767-2',6,1),(928,'966859767-2',11,1),(929,'966859767-2',7,1),(930,'966859767-2',12,1),(931,'966859767-2',1,1),(932,'666013383-6',10,1),(933,'666013383-6',9,1),(934,'666013383-6',12,1),(935,'666013383-6',6,1),(936,'666013383-6',4,1),(937,'666013383-6',9,1),(938,'666013383-6',8,1),(939,'666013383-6',3,1),(940,'666013383-6',3,1),(941,'351898785-2',7,1),(942,'351898785-2',1,1),(943,'351898785-2',6,1),(944,'351898785-2',8,1),(945,'351898785-2',9,1),(946,'351898785-2',3,1),(947,'775940054-3',9,1),(948,'775940054-3',6,1),(949,'775940054-3',12,1),(950,'775940054-3',12,1),(951,'775940054-3',8,1),(952,'775940054-3',4,1),(953,'584224789-5',6,1),(954,'584224789-5',7,1),(955,'584224789-5',6,1),(956,'584224789-5',3,1),(957,'584224789-5',1,1),(958,'584224789-5',12,1),(959,'584224789-5',1,1),(960,'584224789-5',7,1),(961,'300485539-9',12,1),(962,'300485539-9',1,1),(963,'300485539-9',5,1),(964,'300485539-9',9,1),(965,'300485539-9',1,1),(966,'300485539-9',10,1),(967,'300485539-9',12,1),(968,'300485539-9',9,1),(969,'300485539-9',5,1),(970,'300485539-9',3,1),(971,'300485539-9',11,1),(972,'300485539-9',12,1),(973,'300485539-9',3,1),(974,'860964250-X',5,1),(975,'860964250-X',8,1),(976,'860964250-X',11,1),(977,'860964250-X',7,1),(978,'860964250-X',5,1),(979,'672217513-8',5,1),(980,'672217513-8',7,1),(981,'672217513-8',4,1),(982,'672217513-8',12,1),(983,'672217513-8',11,1),(984,'945660604-X',9,1),(985,'945660604-X',7,1),(986,'945660604-X',5,1),(987,'945660604-X',12,1),(988,'945660604-X',8,1),(989,'945660604-X',4,1),(990,'945660604-X',12,1),(991,'711604128-1',2,1),(992,'711604128-1',4,1),(993,'711604128-1',1,1),(994,'711604128-1',6,1),(995,'711604128-1',12,1),(996,'711604128-1',1,1),(997,'711604128-1',4,1),(998,'000369692-8',12,1),(999,'000369692-8',9,1),(1000,'000369692-8',9,1),(1001,'516983356-3',2,1),(1002,'516983356-3',8,1),(1003,'516983356-3',8,1),(1004,'516983356-3',4,1),(1005,'756564271-1',12,1),(1006,'756564271-1',3,1),(1007,'756564271-1',3,1),(1008,'875127371-3',6,1),(1009,'875127371-3',7,1),(1010,'875127371-3',7,1),(1011,'875127371-3',1,1),(1012,'170243376-5',11,1),(1013,'829509196-4',7,1),(1014,'829509196-4',11,1),(1015,'356414253-3',8,1),(1016,'356414253-3',1,1),(1017,'356414253-3',3,1),(1018,'870560200-9',8,1),(1019,'870560200-9',9,1),(1020,'870560200-9',1,1),(1021,'870560200-9',11,1),(1022,'137066182-7',8,1),(1023,'137066182-7',6,1),(1024,'137066182-7',7,1),(1025,'386397507-3',7,1),(1026,'386397507-3',8,1),(1027,'386397507-3',3,1),(1028,'386397507-3',6,1),(1029,'386397507-3',4,1),(1030,'560797299-2',8,1),(1031,'560797299-2',3,1),(1032,'368990830-2',9,1),(1033,'368990830-2',5,1),(1034,'368990830-2',9,1),(1035,'712463375-3',6,1),(1036,'712463375-3',10,1),(1037,'712463375-3',5,1),(1038,'712463375-3',6,1),(1039,'536751983-0',12,1),(1040,'536751983-0',4,1),(1041,'175205668-X',5,1),(1042,'175205668-X',9,1),(1043,'175205668-X',6,1),(1044,'175205668-X',6,1),(1045,'607745120-7',6,1),(1046,'607745120-7',8,1),(1047,'607745120-7',9,1),(1048,'607745120-7',7,1),(1049,'607745120-7',4,1),(1050,'226372696-9',6,1),(1051,'226372696-9',8,1),(1052,'226372696-9',3,1),(1053,'457456450-4',1,1),(1054,'457456450-4',1,1),(1055,'457456450-4',9,1),(1056,'457456450-4',8,1),(1057,'369048652-1',8,1),(1058,'369048652-1',11,1),(1059,'946684198-X',1,1),(1060,'946684198-X',11,1),(1061,'946684198-X',7,1),(1062,'946684198-X',4,1),(1063,'946684198-X',8,1),(1064,'843331705-9',12,1),(1065,'843331705-9',12,1),(1066,'843331705-9',1,1),(1067,'436501926-0',9,1),(1068,'436501926-0',5,1);
/*!40000 ALTER TABLE `COPIE_LIBRO` ENABLE KEYS */;
UNLOCK TABLES;

--
-- Table structure for table `EDITORE`
--

DROP TABLE IF EXISTS `EDITORE`;
/*!40101 SET @saved_cs_client     = @@character_set_client */;
/*!40101 SET character_set_client = utf8 */;
CREATE TABLE `EDITORE` (
  `Cod_editore` int(11) NOT NULL,
  `Nome_editore` varchar(20) NOT NULL,
  `Tel_editore` varchar(16) NOT NULL,
  `Via_editore` varchar(32) NOT NULL,
  `Città_editore` varchar(16) NOT NULL,
  `CAP_editore` int(11) NOT NULL,
  PRIMARY KEY (`Cod_editore`)
) ENGINE=InnoDB DEFAULT CHARSET=latin1;
/*!40101 SET character_set_client = @saved_cs_client */;

--
-- Dumping data for table `EDITORE`
--

LOCK TABLES `EDITORE` WRITE;
/*!40000 ALTER TABLE `EDITORE` DISABLE KEYS */;
INSERT INTO `EDITORE` VALUES (1,'Apogeo','02-3596681','Via Andegari 6','Milan',20121),(2,'Pearson Italia','011-75021510','Corso Trapani 16','Turin',10139),(3,'Tecniche Nuove','02-390901','Via Eritrea 31','Milan',20121),(4,'Packt Publishing','903-259-1261','Tennessee Circle 4','Boston',89654),(5,'Addison-Wesley','638-435-4004','Coolidge Junction 12','Oboken',7030),(6,'Pst Edizioni','02-546722','Via degli Editori Riuniti 8','Milan',20121),(7,'Dunning Editions','16-339-1269','Dunning Drive 988','Lawrance',23445),(8,'Europa Edizioni','02-835610','Via degli Editori Riuniti 34','Milan',20121),(9,'Plaza Publicacionès','03-567234','Strada Grande 944','Madrid',2264),(10,'Meaning','309-506-5066','Lakewood Garden Place 28063','New York',8734);
/*!40000 ALTER TABLE `EDITORE` ENABLE KEYS */;
UNLOCK TABLES;

--
-- Table structure for table `LIBRO`
--

DROP TABLE IF EXISTS `LIBRO`;
/*!40101 SET @saved_cs_client     = @@character_set_client */;
/*!40101 SET character_set_client = utf8 */;
CREATE TABLE `LIBRO` (
  `Titolo_libro` varchar(100) NOT NULL,
  `ISBN` varchar(13) NOT NULL,
  `Lingua` varchar(15) DEFAULT NULL,
  `Anno_produzione` int(11) DEFAULT NULL,
  `Codice_editore` int(11) NOT NULL,
  PRIMARY KEY (`ISBN`),
  KEY `Codice_editore` (`Codice_editore`),
  CONSTRAINT `LIBRO_ibfk_1` FOREIGN KEY (`Codice_editore`) REFERENCES `EDITORE` (`Cod_editore`) ON DELETE CASCADE ON UPDATE CASCADE
) ENGINE=InnoDB DEFAULT CHARSET=latin1;
/*!40101 SET character_set_client = @saved_cs_client */;

--
-- Dumping data for table `LIBRO`
--

LOCK TABLES `LIBRO` WRITE;
/*!40000 ALTER TABLE `LIBRO` DISABLE KEYS */;
INSERT INTO `LIBRO` VALUES ('Thief of Hearts','000369692-8','English',2016,10),('Gingerbread Man The','004023598-X','Dari',2012,4),('Counterfeiters The (Die Fälscher)','006821799-4','Estonian',2018,9),('Life of Another The (La vie d une autre)','009047587-9','English',2015,5),('Death Defying Acts','009140312-X','Dhivehi',2017,3),('Longest Yard The','014330257-4','Georgian',2010,6),('Children Are Watching Us The (Bambini ci guardano I)','015674765-0','English',2018,4),('Almanya - Welcome to Germany (Almanya - Willkommen in Deutschland)','022938411-0','Guaraní',2014,7),('Heroine','023019395-1','Dzongkha',2013,7),('Inspectors The','050916783-7','Catalan',2017,3),('Dead Man Walking','052706515-3','English',2011,8),('Private Detective 62','055417113-9','English',2017,9),('Mondays in the Sun (Lunes al sol Los)','060088686-7','English',2019,9),('Phil Spector','065646345-7','Irish Gaelic',2020,3),('Human Failure (Menschliches Versagen)','068254989-4','English',2014,8),('Attack of the 50 Foot Woman','075305079-X','Danish',2010,2),('Bed & Breakfast Love is a Happy Accident (Bed & Breakfast)','076691563-8','Dari',2018,3),('Memory','083845517-4','Punjabi',2014,5),('Suit for Wedding A (aka The Wedding Suit) (Lebassi Baraye Arossi)','085745713-6','English',2020,7),('Stingray Sam','086031288-7','Polish',2019,9),('Come Blow Your Horn','087133062-8','English',2013,6),('Doc Savage The Man of Bronze','093035174-6','English',2015,3),('Cars','101215590-0','English',2012,8),('Sound of Music The','103300276-3','Khmer',2019,4),('Family Tree','129488690-8','English',2017,3),('Addams Family The','131544489-5','English',2019,4),('The Dark Horse','132261731-7','Guaraní',2018,3),('Mon oncle d Amérique','136320382-7','English',2017,6),('Maniac','136964378-0','English',2013,5),('Gone Fishin','137066182-7','Georgian',2012,1),('You Only Live Once','147191251-5','Dari',2018,4),('Rains of Ranchipur The','158999545-7','English',2012,6),('Paradise Lost 2 Revelations','165632171-8','Italian',2010,2),('Saboteur','167947701-3','English',2014,1),('Carbon Nation','168316748-1','Portuguese',2012,7),('Buddy','170243376-5','English',2015,10),('The Fourth War','171208472-0','English',2020,4),('Gasoline (Benzina)','175205668-X','English',2019,1),('Day of the Triffids The','179592990-1','English',2011,8),('Meet Joe Black','182342356-6','Japanese',2011,4),('Ironclad','184722570-5','Kashmiri',2011,9),('Salvage','190222315-2','Belarusian',2014,9),('No Distance Left to Run','192373118-1','English',2019,6),('Dakota Skye','194862546-6','English',2011,4),('Tenchi The Samurai Astronomer','214940353-6','English',2018,3),('Enemy','216013488-0','Arabic',2012,2),('Concrete Night (Betoniyö)','222223087-X','Irish Gaelic',2010,5),('State of Siege (État de siège)','226372696-9','Hindi',2013,1),('Red White & Blue','253760945-X','English',2016,4),('Pitch Black','255439894-1','English',2015,6),('High Spirits','256739345-5','Swedish',2016,8),('Inhale','259418123-4','English',2011,9),('Waydowntown','259579784-0','English',2018,7),('In the Park','264788349-1','Haitian Creole',2018,9),('Animal House','265972215-3','English',2017,8),('Shuttle','271280652-2','English',2017,4),('Young Cassidy','280992700-6','German',2018,4),('Trial','284203566-6','Korean',2013,5),('World of Kanako The (Kawaki)','290005808-2','Lao',2020,4),('Purple Rose of Cairo The','292051296-X','Guaraní',2013,3),('Golem','296111646-5','Japanese',2019,3),('Scenic Route','299282269-8','English',2015,5),('Wild River','300485539-9','Dzongkha',2012,10),('Such Is Life (Así es la vida)','301170811-8','English',2019,3),('PHP 7 development','331424241-7','Italian',2015,3),('History Boys The','333748888-9','Catalan',2017,2),('Jubilee','343838580-5','English',2015,5),('South of Heaven West of Hell','346481000-3','English',2015,9),('Last Ride','347737564-5','Haitian Creole',2019,6),('Boys from Fengkuei The (Feng gui lai de ren)','351898785-2','Portuguese',2016,10),('Elizabeth','356414253-3','English',2012,10),('Nicholas on Holiday','362309208-8','English',2018,4),('Human-computer interaction','364615054-8','English',2017,2),('Boys of St Vincent The','366292343-2','English',2013,1),('Love s Labour s Lost','368515943-7','Czech',2011,9),('Secret Garden The','368968937-6','English',2014,4),('Andrei Rublev (Andrey Rublyov)','368990830-2','English',2017,1),('Oliver Twist','369048652-1','Guaraní',2020,1),('19th Wife The','371268896-2','Belarusian',2016,5),('Sergeant Rutledge','372098427-3','Arabic',2011,9),('Svidd Neger','376459959-6','English',2018,2),('Ninotchka','384050463-5','Quechua',2017,8),('Deep Impact','385828979-5','Bengali',2019,8),('Gunfighter The','386397507-3','Albanian',2013,1),('Get Smart','387623794-7','English',2010,2),('Get Bruce','389625239-9','Hebrew',2020,7),('Flight of the Living Dead','391578830-9','Kazakh',2014,8),('Family Life','394873350-3','English',2014,3),('Altman','404884623-X','Czech',2010,4),('Open Windows','405663612-5','English',2015,2),('Life is to Whistle (Vida es silbar La)','421128511-4','English',2012,7),('LA Without a Map','421308038-2','English',2014,1),('Key Largo','425111017-X','Estonian',2019,8),('Rebecca','432587582-4','Swedish',2015,5),('Lavender Hill Mob The','435456826-8','English',2016,9),('Great Expectations','436501926-0','Catalan',2013,1),('Luna de Avellaneda','441842932-8','Guaraní',2018,5),('Black Windmill The','449571196-2','English',2013,6),('Beefcake','457456450-4','Aymara',2016,1),('Wave The (Welle Die)','469785019-X','English',2014,6),('Raisin in the Sun A','469863297-8','Punjabi',2015,5),('Closure','492112694-1','English',2018,6),('Redemption The Stan Tookie Williams Story','501862280-6','Finnish',2011,9),('Revenge of the Nerds','502714957-3','Japanese',2019,5),('Diplomacy (Diplomatie)','507124152-8','French',2019,2),('Vehicle 19','509808775-9','English',2013,2),('Streetcar Named Desire A','510453377-8','English',2013,5),('The Frame','515279116-1','English',2010,9),('Big Squeeze The','516983356-3','English',2014,10),('Carmen Comes Home (Karumen kokyo ni kaeru)','517581126-6','Hindi',2020,2),('Général Idi Amin Dada A Self Portrait (Général Idi Amin Dada Autoportrait)','521329516-9','English',2015,9),('Holy Flying Circus','521847642-0','English',2016,9),('Agent Vinod','526942871-7','Catalan',2017,4),('Slaves to the Underground','536751983-0','French',2014,1),('From the Life of the Marionettes (Aus dem Leben der Marionetten)','542931356-4','Italian',2015,5),('Renaissance','554021569-9','English',2018,7),('Tyler Perry s I Can Do Bad All by Myself','560211284-7','Italian',2018,7),('Arthur and the Revenge of Maltazard (Arthur et la vengeance de Maltazard)','560797299-2','English',2017,1),('Strangers on a Train','565659819-5','Dutch',2014,1),('Teaching Mrs Tingle','584224789-5','English',2020,10),('Battle Royale 2 Requiem (Batoru rowaiaru II Chinkonka)','585173205-9','English',2018,2),('Memory Keeper s Daughter The','594275024-6','English',2012,5),('Rollerball','595626866-2','Hungarian',2014,7),('Wall Street','600597433-5','English',2020,7),('1208 East of Bucharest (A fost sau n-a fost?)','601546113-6','Gujarati',2011,9),('HTM & CSS','607745120-7','Italian',2018,1),('Cyrano de Bergerac','611928800-7','Korean',2017,7),('Act Da Fool','653073623-9','English',2020,9),('Happy People A Year in the Taiga','653175736-1','Swedish',2012,8),('Knack and How to Get It The','657583349-7','English',2015,1),('Stonewall','660038142-6','Icelandic',2016,2),('Woman on the Beach (Haebyeonui yeoin)','661872594-1','English',2020,3),('Deadline','663119553-5','Spanish',2015,7),('Lost City The','666013383-6','English',2014,10),('Nick and Norah s Infinite Playlist','671158165-2','Czech',2019,6),('Heaven s Prisoners','672217513-8','Bengali',2014,10),('Day the Universe Changed The','672560381-5','Northern Sotho',2018,4),('Lone Ranger The','698429931-4','Icelandic',2011,3),('Crocodile Hunter Collision Course The','711604128-1','English',2014,10),('Fear','712463375-3','English',2012,1),('Angels  Share The','733508116-5','English',2017,9),('Fundamentals of Database Systems','740153355-3','Italian',2019,2),('Under the Bridges (Unter den Brücken)','742437654-3','Swedish',2016,9),('Times Square','744780754-0','English',2020,7),('Brides (Nyfes)','752213396-3','Georgian',2012,6),('Little Children','756564271-1','English',2014,10),('Story of My Life The (Mensonges et trahisons et plus si affinités)','760264513-8','English',2012,8),('Kleines Arschloch - Der Film','768148078-1','Korean',2017,7),('Hollywood Party','769740772-8','English',2018,7),('I m Reed Fish','775940054-3','Kashmiri',2017,10),('Dragon Ball Z Bio-Broly (Doragon bôru Z 11 Sûpâ senshi gekiha! Katsu no wa ore da)','786395256-5','English',2019,7),('Murder by Proxy How America Went Postal','801081738-4','English',2019,7),('Ingeborg Holm','814543114-X','English',2013,3),('Split Second','816886703-3','Italian',2012,4),('Kairat','825867311-4','Hiri Motu',2013,2),('Shaka Zulu The Citadel','829509196-4','Swedish',2014,10),('Project X','829914597-X','English',2019,9),('Wolf Man The','836374770-X','Indonesian',2013,8),('Avengers The','843331705-9','Bengali',2012,1),('Chronicle of a Summer (Chronique d un été)','851106761-2','Italian',2019,3),('Larceny Inc','857627191-5','English',2012,9),('Iron Horse The','860964250-X','Japanese',2013,10),('Richard III','863050834-5','Chinese',2019,8),('Hot Fuzz','867778553-1','Polish',2012,2),('Eight Crazy Nights (Adam Sandler s Eight Crazy Nights)','870560200-9','English',2018,1),('From Above','872379238-8','English',2018,1),('Million Ways to Die in the West A','875127371-3','Norwegian',2014,10),('Thieves The (Dodookdeul)','887526619-0','Romanian',2011,6),('Kumail Nanjiani Beta Male','925812482-0','German',2010,2),('Missionary Man','927994979-9','Dhivehi',2017,8),('Cassandra Crossing The','945660604-X','Arabic',2016,10),('Absolute Power','946684198-X','Czech',2016,1),('Peculiarities of the National Hunt (Osobennosti natsionalnoy okhoty)','947990234-6','English',2019,2),('Iron Mask The','951964371-0','Bengali',2014,2),('Sting II The','966859767-2','English',2020,9),('Forbidden Christ The (Cristo proibito Il)','970334328-7','Danish',2019,9),('Krrish','976860084-5','English',2016,8),('Kirikou and the Wild Beast (Kirikou et les bêtes sauvages)','978061177-0','Khmer',2010,7),('Convoy','989371762-0','German',2015,6),('And Nobody Weeps for Me (Und keiner weint mir nach)','992229254-8','Italian',2017,4),('Stupid Boy (Garçon stupide)','998941371-1','Italian',2013,5);
/*!40000 ALTER TABLE `LIBRO` ENABLE KEYS */;
UNLOCK TABLES;

--
-- Table structure for table `PRESTITO`
--

DROP TABLE IF EXISTS `PRESTITO`;
/*!40101 SET @saved_cs_client     = @@character_set_client */;
/*!40101 SET character_set_client = utf8 */;
CREATE TABLE `PRESTITO` (
  `ID_libro` int(11) NOT NULL,
  `Matricola` int(11) NOT NULL,
  `Data_prestito` date NOT NULL,
  `Scadenza_prestito` date NOT NULL,
  `Consegnato` tinyint(1) NOT NULL,
  `Data_restituzione` date DEFAULT NULL,
  PRIMARY KEY (`ID_libro`,`Matricola`,`Data_prestito`),
  KEY `Matricola` (`Matricola`),
  CONSTRAINT `PRESTITO_ibfk_1` FOREIGN KEY (`ID_libro`) REFERENCES `COPIE_LIBRO` (`ID`) ON DELETE CASCADE ON UPDATE CASCADE,
  CONSTRAINT `PRESTITO_ibfk_2` FOREIGN KEY (`Matricola`) REFERENCES `UTENTE` (`Matricola`) ON DELETE CASCADE ON UPDATE CASCADE
) ENGINE=InnoDB DEFAULT CHARSET=latin1;
/*!40101 SET character_set_client = @saved_cs_client */;

--
-- Dumping data for table `PRESTITO`
--

LOCK TABLES `PRESTITO` WRITE;
/*!40000 ALTER TABLE `PRESTITO` DISABLE KEYS */;
INSERT INTO `PRESTITO` VALUES (5,444444,'2020-03-13','2020-04-13',1,'2020-07-30'),(12,888888,'2020-05-11','2020-06-12',1,'2020-07-30'),(13,555555,'2020-04-27','2020-05-27',1,'2020-07-29'),(20,888888,'2020-07-29','2020-08-29',0,NULL),(27,333333,'2002-05-06','2002-06-06',1,'2002-06-03'),(45,888888,'2020-07-30','2020-08-30',1,'2020-07-30'),(59,444444,'2020-03-13','2020-04-13',1,'2020-07-29'),(97,777777,'2008-02-14','2008-03-14',1,'2008-03-05'),(122,444444,'2020-07-30','2020-08-30',0,NULL),(231,555555,'2015-10-17','2015-11-17',1,'2015-11-15'),(341,555555,'2020-04-27','2020-05-27',0,NULL),(366,222222,'2003-05-13','2003-06-13',1,'2003-07-11'),(401,555555,'2020-04-11','2020-05-11',1,'2020-07-30');
/*!40000 ALTER TABLE `PRESTITO` ENABLE KEYS */;
UNLOCK TABLES;

--
-- Table structure for table `SCRITTO_DA`
--

DROP TABLE IF EXISTS `SCRITTO_DA`;
/*!40101 SET @saved_cs_client     = @@character_set_client */;
/*!40101 SET character_set_client = utf8 */;
CREATE TABLE `SCRITTO_DA` (
  `ISBN` varchar(13) NOT NULL,
  `Cog_autore` varchar(16) NOT NULL,
  KEY `ISBN` (`ISBN`),
  KEY `Cog_autore` (`Cog_autore`),
  CONSTRAINT `SCRITTO_DA_ibfk_1` FOREIGN KEY (`ISBN`) REFERENCES `LIBRO` (`ISBN`) ON DELETE CASCADE ON UPDATE CASCADE,
  CONSTRAINT `SCRITTO_DA_ibfk_2` FOREIGN KEY (`Cog_autore`) REFERENCES `AUTORE` (`Cognome_autore`)
) ENGINE=InnoDB DEFAULT CHARSET=latin1;
/*!40101 SET character_set_client = @saved_cs_client */;

--
-- Dumping data for table `SCRITTO_DA`
--

LOCK TABLES `SCRITTO_DA` WRITE;
/*!40000 ALTER TABLE `SCRITTO_DA` DISABLE KEYS */;
INSERT INTO `SCRITTO_DA` VALUES ('870560200-9','McPhater'),('137066182-7','Symcox'),('386397507-3','Legging'),('386397507-3','Lambal'),('386397507-3','Whatson'),('386397507-3','Inkin'),('560797299-2','Philippsohn'),('368990830-2','Itter'),('368990830-2','Shorey'),('368990830-2','Pes'),('368990830-2','Goodsall'),('712463375-3','Sacher'),('712463375-3','Adiscot'),('536751983-0','Whatson'),('536751983-0','Goodsall'),('536751983-0','Semor'),('175205668-X','Delgua'),('175205668-X','Blagden'),('175205668-X','Twidale'),('607745120-7','Jansen'),('607745120-7','Lockitt'),('226372696-9','Marriage'),('226372696-9','Wilcher'),('226372696-9','Adiscot'),('226372696-9','Ligoe'),('226372696-9','Aysik'),('457456450-4','Pardal'),('457456450-4','Leisman'),('457456450-4','McSherry'),('457456450-4','Silver'),('457456450-4','Semor'),('369048652-1','McSherry'),('369048652-1','Jenne'),('946684198-X','Froud'),('946684198-X','Tartt'),('946684198-X','Labbet'),('843331705-9','Crowest'),('843331705-9','Weben'),('843331705-9','Wilcher'),('436501926-0','Elcum'),('436501926-0','Blagden'),('167947701-3','Hehnke'),('167947701-3','Lettington'),('167947701-3','Gavrieli'),('872379238-8','Elmasri'),('872379238-8','Frondt'),('872379238-8','Spurriar'),('872379238-8','Marriage'),('872379238-8','Vasiltsov'),('872379238-8','Jepensen'),('872379238-8','Westwick'),('565659819-5','Bish'),('565659819-5','Semor'),('565659819-5','Dallender'),('565659819-5','Spinke'),('421308038-2','Shorey'),('421308038-2','Corzon'),('421308038-2','Spurriar'),('366292343-2','McLauchlin'),('366292343-2','Leander'),('366292343-2','Duckett'),('657583349-7','Follacaro'),('657583349-7','Torr'),('387623794-7','Senechault'),('387623794-7','Bendle'),('387623794-7','Westwick'),('660038142-6','Snookes'),('867778553-1','Navathe'),('867778553-1','Bendixen'),('165632171-8','Pes'),('507124152-8','Sweetman'),('507124152-8','Lebbern'),('507124152-8','Salsberg'),('507124152-8','Itter'),('507124152-8','Benz'),('507124152-8','Burnage'),('364615054-8','Breznovic'),('364615054-8','Dewire'),('364615054-8','Froud'),('925812482-0','Tinsley'),('925812482-0','Jezzard'),('925812482-0','Von Der Empten'),('925812482-0','Leander'),('925812482-0','Capey'),('925812482-0','Wheelton'),('951964371-0','Callf'),('825867311-4','Pes'),('825867311-4','Legging'),('825867311-4','Vasiltsov'),('517581126-6','Pes'),('517581126-6','Corzon'),('509808775-9','Pardal'),('075305079-X','Frondt'),('216013488-0','Salsberg'),('216013488-0','Van Velde'),('216013488-0','Deluca'),('216013488-0','Sweetman'),('333748888-9','Blagden'),('333748888-9','Gamberini'),('585173205-9','Orum'),('585173205-9','Semor'),('585173205-9','Wrixon'),('376459959-6','Follacaro'),('376459959-6','Sweetman'),('376459959-6','Leander'),('376459959-6','Everal'),('947990234-6','Jepensen'),('947990234-6','Duckett'),('947990234-6','Symcox'),('405663612-5','Callf'),('405663612-5','Adiscot'),('405663612-5','Van Velde'),('405663612-5','Weben'),('405663612-5','Everal'),('405663612-5','Navathe'),('740153355-3','Westwick'),('740153355-3','Marriage'),('740153355-3','Everal'),('698429931-4','McPhater'),('698429931-4','Pardal'),('698429931-4','Twidale'),('698429931-4','Wackly'),('661872594-1','Tinsley'),('661872594-1','Callf'),('851106761-2','Pes'),('851106761-2','Frondt'),('851106761-2','Everal'),('301170811-8','Beckson'),('301170811-8','Pharrow'),('214940353-6','Silver'),('214940353-6','Inkin'),('814543114-X','Itter'),('814543114-X','Ligoe'),('050916783-7','Tartt'),('050916783-7','Aysik'),('296111646-5','Leisman'),('296111646-5','Jezzard'),('296111646-5','Dewire'),('296111646-5','Zimuel'),('296111646-5','Snookes'),('076691563-8','Bendixen'),('129488690-8','Callf'),('129488690-8','Callf'),('129488690-8','Crowest'),('292051296-X','Frondt'),('331424241-7','Aysik'),('331424241-7','Ligoe'),('331424241-7','Pardal'),('065646345-7','Frondt'),('065646345-7','Franke'),('065646345-7','Beckson'),('065646345-7','Follacaro'),('065646345-7','Dumberell'),('009140312-X','Hehnke'),('009140312-X','Breznovic'),('009140312-X','Inkin'),('093035174-6','Zimuel'),('093035174-6','Elmasri'),('093035174-6','Semered'),('093035174-6','Spinke'),('394873350-3','Jepensen'),('394873350-3','Nannetti'),('394873350-3','Ligoe'),('394873350-3','Callf'),('132261731-7','Bendle'),('132261731-7','Leander'),('132261731-7','Van Velde'),('132261731-7','Legging'),('368968937-6','Wilcher'),('368968937-6','Pharrow'),('368968937-6','Callf'),('368968937-6','Von Der Empten'),('004023598-X','Chadwin'),('004023598-X','Nannetti'),('004023598-X','Lebbern'),('004023598-X','Bendle'),('290005808-2','Anespie'),('182342356-6','Silver'),('182342356-6','Tartt'),('182342356-6','Capey'),('182342356-6','McLauchlin'),('147191251-5','Senechault'),('147191251-5','Pes'),('147191251-5','Lebbern'),('194862546-6','Bachnic'),('171208472-0','Lebbern'),('362309208-8','Westwick'),('992229254-8','Bardell'),('992229254-8','Legging'),('992229254-8','Weben'),('103300276-3','Hehnke'),('103300276-3','Duckett'),('103300276-3','Spurriar'),('253760945-X','Ligoe'),('253760945-X','Blagden'),('253760945-X','Goodsall'),('015674765-0','Duckett'),('015674765-0','Symcox'),('015674765-0','Sacher'),('131544489-5','Jezzard'),('131544489-5','Deluca'),('526942871-7','Spinke'),('526942871-7','Lambal'),('526942871-7','Nannetti'),('526942871-7','Von Der Empten'),('526942871-7','Huffer'),('280992700-6','Gamberini'),('280992700-6','Oldam'),('280992700-6','Stranaghan'),('672560381-5','Tartt'),('672560381-5','Harbron'),('672560381-5','Navathe'),('672560381-5','Labbet'),('672560381-5','Dumberell'),('672560381-5','Wackly'),('672560381-5','Stranaghan'),('672560381-5','Inkin'),('404884623-X','Labbet'),('404884623-X','Jezzard'),('404884623-X','Sacher'),('404884623-X','Douch'),('404884623-X','Belvard'),('271280652-2','Benz'),('271280652-2','Leander'),('271280652-2','Philippsohn'),('271280652-2','Tartt'),('816886703-3','Harbron'),('816886703-3','Weben'),('502714957-3','Gavrieli'),('502714957-3','Salsberg'),('502714957-3','Adiscot'),('998941371-1','McPhater'),('510453377-8','Corzon'),('510453377-8','Letham'),('510453377-8','Greenhough'),('299282269-8','Frondt'),('299282269-8','Aysik'),('299282269-8','Marriage'),('299282269-8','Orum'),('136964378-0','Shorey'),('136964378-0','Shorey'),('136964378-0','Navathe'),('432587582-4','Twidale'),('432587582-4','McPhater'),('432587582-4','Salsberg'),('284203566-6','Frondt'),('284203566-6','Bendixen'),('284203566-6','Delgua'),('083845517-4','Torr'),('441842932-8','Leander'),('441842932-8','Leisman'),('441842932-8','Delgua'),('009047587-9','McPhater'),('009047587-9','Dallender'),('594275024-6','Goodsall'),('594275024-6','Bendixen'),('594275024-6','Benz'),('594275024-6','Chadwin'),('222223087-X','Callf'),('343838580-5','Spurriar'),('343838580-5','Corzon'),('343838580-5','Delgua'),('343838580-5','Weben'),('343838580-5','Shorey'),('469863297-8','Deluca'),('469863297-8','Sweetman'),('371268896-2','Bardell'),('371268896-2','Anespie'),('542931356-4','Legging'),('542931356-4','Twidale'),('542931356-4','Greenhough'),('542931356-4','Torr'),('542931356-4','Jansen'),('752213396-3','Westwick'),('752213396-3','Legging'),('752213396-3','Sweetman'),('255439894-1','Belvard'),('255439894-1','Anespie'),('887526619-0','McPhater'),('887526619-0','Froud'),('887526619-0','Lockitt'),('887526619-0','Weben'),('887526619-0','Semered'),('492112694-1','McLauchlin'),('492112694-1','Westwick'),('492112694-1','Sweetman'),('469785019-X','Corzon'),('469785019-X','Jepensen'),('469785019-X','Gavrieli'),('158999545-7','Senechault'),('158999545-7','Lockitt'),('989371762-0','Froud'),('989371762-0','Twidale'),('989371762-0','Belvard'),('989371762-0','Spinke'),('087133062-8','Elmasri'),('087133062-8','Blagden'),('449571196-2','Elmasri'),('671158165-2','Follacaro'),('671158165-2','Van Velde'),('014330257-4','Bendixen'),('014330257-4','Marriage'),('192373118-1','Paulisch'),('192373118-1','Adamo'),('347737564-5','Tartt'),('347737564-5','Lettington'),('347737564-5','Delgua'),('136320382-7','Goodsall'),('136320382-7','Senechault'),('389625239-9','Chadwin'),('786395256-5','Dewire'),('786395256-5','Follacaro'),('786395256-5','Harbron'),('085745713-6','Adiscot'),('801081738-4','Orum'),('801081738-4','Huffer'),('611928800-7','Sacher'),('023019395-1','Dallender'),('023019395-1','Jansen'),('023019395-1','Shorey'),('023019395-1','Spinke'),('595626866-2','Torr'),('595626866-2','Dallender'),('168316748-1','Stranaghan'),('168316748-1','Deluca'),('168316748-1','Rosedale'),('744780754-0','Whatson'),('744780754-0','Elmasri'),('744780754-0','Semered'),('560211284-7','Shorey'),('560211284-7','Labbet'),('663119553-5','Froud'),('769740772-8','Lebbern'),('769740772-8','Gavrieli'),('769740772-8','Frondt'),('769740772-8','Spinke'),('421128511-4','Belvard'),('421128511-4','Marriage'),('421128511-4','Greenhough'),('421128511-4','Tartt'),('978061177-0','Semered'),('978061177-0','Delgua'),('259579784-0','Frondt'),('259579784-0','Dumberell'),('259579784-0','Spurriar'),('554021569-9','Deluca'),('554021569-9','Westwick'),('554021569-9','Shorey'),('554021569-9','Hehnke'),('022938411-0','Froud'),('022938411-0','Senechault'),('022938411-0','Lettington'),('768148078-1','Douch'),('600597433-5','Itter'),('068254989-4','Spinke'),('068254989-4','Beckson'),('863050834-5','Lockitt'),('863050834-5','Harbron'),('863050834-5','Vasiltsov'),('425111017-X','Bendle'),('425111017-X','Van Velde'),('425111017-X','Bish'),('265972215-3','Wrixon'),('265972215-3','Blagden'),('927994979-9','Bish'),('927994979-9','Labbet'),('101215590-0','Pardal'),('101215590-0','Wheelton'),('101215590-0','Zimuel'),('101215590-0','Huffer'),('101215590-0','Ligoe'),('976860084-5','Jepensen'),('976860084-5','Capey'),('976860084-5','Legging'),('976860084-5','Spurriar'),('976860084-5','Zimuel'),('976860084-5','Elmasri'),('976860084-5','Blagden'),('976860084-5','Goodsall'),('976860084-5','Beckson'),('976860084-5','Adiscot'),('384050463-5','Lockitt'),('384050463-5','Ligoe'),('384050463-5','Chadwin'),('384050463-5','Adamo'),('653175736-1','Elmasri'),('653175736-1','McSherry'),('653175736-1','Adamo'),('653175736-1','Whatson'),('760264513-8','Spinke'),('760264513-8','Rosedale'),('836374770-X','Wilcher'),('836374770-X','Chadwin'),('836374770-X','Westwick'),('179592990-1','Navathe'),('179592990-1','Bish'),('385828979-5','Pes'),('385828979-5','Semor'),('385828979-5','Whatson'),('385828979-5','Jezzard'),('385828979-5','Beckson'),('385828979-5','Lambal'),('391578830-9','Lockitt'),('052706515-3','Douch'),('052706515-3','Crowest'),('052706515-3','Tinsley'),('256739345-5','Goodsall'),('256739345-5','Tartt'),('346481000-3','Elmasri'),('857627191-5','Capey'),('857627191-5','Vasiltsov'),('857627191-5','Lambal'),('857627191-5','Lebbern'),('653073623-9','Breznovic'),('435456826-8','Blagden'),('435456826-8','Deluca'),('601546113-6','Vasiltsov'),('601546113-6','Wheelton'),('501862280-6','Elmasri'),('829914597-X','Beckson'),('829914597-X','Salsberg'),('829914597-X','Bardell'),('970334328-7','Hehnke'),('970334328-7','Jenne'),('970334328-7','Hehnke'),('970334328-7','Spurriar'),('970334328-7','Wrixon'),('970334328-7','Tinsley'),('970334328-7','Chadwin'),('086031288-7','Ligoe'),('086031288-7','Jepensen'),('733508116-5','Paulisch'),('055417113-9','Semered'),('055417113-9','Lebbern'),('515279116-1','Lockitt'),('515279116-1','Bardell'),('515279116-1','Wilcher'),('515279116-1','Maher'),('515279116-1','Oldam'),('515279116-1','Gamberini'),('515279116-1','Twidale'),('515279116-1','Wheelton'),('184722570-5','McPhater'),('184722570-5','Jansen'),('184722570-5','Semor'),('521329516-9','Shorey'),('521329516-9','Goodsall'),('521329516-9','Rosedale'),('742437654-3','Van Velde'),('372098427-3','Anespie'),('372098427-3','Gavrieli'),('372098427-3','Rosedale'),('190222315-2','Burnage'),('190222315-2','Von Der Empten'),('521847642-0','Adiscot'),('521847642-0','Follacaro'),('264788349-1','Twidale'),('264788349-1','Dallender'),('264788349-1','Capey'),('368515943-7','Silver'),('368515943-7','Follacaro'),('259418123-4','Jansen'),('006821799-4','Philippsohn'),('006821799-4','Leander'),('006821799-4','Spurriar'),('006821799-4','Philippsohn'),('060088686-7','Symcox'),('060088686-7','Frondt'),('060088686-7','Senechault'),('966859767-2','Burnage'),('966859767-2','Gamberini'),('666013383-6','Wilcher'),('666013383-6','Legging'),('666013383-6','Semor'),('666013383-6','Bendle'),('666013383-6','Bendixen'),('666013383-6','Callf'),('666013383-6','Maher'),('351898785-2','Letham'),('351898785-2','Lettington'),('775940054-3','Silver'),('775940054-3','Harbron'),('584224789-5','Zimuel'),('584224789-5','Aysik'),('584224789-5','Crowest'),('584224789-5','Pes'),('300485539-9','Westwick'),('300485539-9','Leander'),('300485539-9','Labbet'),('860964250-X','Bachnic'),('860964250-X','Orum'),('860964250-X','Twidale'),('860964250-X','Pes'),('860964250-X','Bachnic'),('860964250-X','Inkin'),('672217513-8','Harbron'),('672217513-8','Gamberini'),('945660604-X','Marriage'),('945660604-X','Stranaghan'),('945660604-X','Inkin'),('945660604-X','Leisman'),('945660604-X','Pharrow'),('711604128-1','Sacher'),('711604128-1','Philippsohn'),('711604128-1','Pes'),('000369692-8','Benz'),('000369692-8','Van Velde'),('000369692-8','Sacher'),('516983356-3','Elmasri'),('756564271-1','Beckson'),('756564271-1','Nannetti'),('756564271-1','Sweetman'),('875127371-3','Shorey'),('875127371-3','Bendixen'),('875127371-3','Delgua'),('875127371-3','Froud'),('170243376-5','Maher'),('829509196-4','Lambal'),('829509196-4','Bardell'),('356414253-3','Semered'),('356414253-3','Wrixon'),('356414253-3','Lambal');
/*!40000 ALTER TABLE `SCRITTO_DA` ENABLE KEYS */;
UNLOCK TABLES;

--
-- Table structure for table `UTENTE`
--

DROP TABLE IF EXISTS `UTENTE`;
/*!40101 SET @saved_cs_client     = @@character_set_client */;
/*!40101 SET character_set_client = utf8 */;
CREATE TABLE `UTENTE` (
  `Matricola` int(11) NOT NULL,
  `Cognome_utente` varchar(16) NOT NULL,
  `Nome_utente` varchar(16) NOT NULL,
  `Iniziali_sn_utente` char(1) DEFAULT NULL,
  `Data_n_utente` date DEFAULT NULL,
  PRIMARY KEY (`Matricola`)
) ENGINE=InnoDB DEFAULT CHARSET=latin1;
/*!40101 SET character_set_client = @saved_cs_client */;

--
-- Dumping data for table `UTENTE`
--

LOCK TABLES `UTENTE` WRITE;
/*!40000 ALTER TABLE `UTENTE` DISABLE KEYS */;
INSERT INTO `UTENTE` VALUES (222222,'Verdi','Giuseppe',NULL,'1999-12-01'),(333333,'Ferrari','Carlo',NULL,'1998-01-02'),(444444,'Russo','Antonio',NULL,'1997-07-07'),(555555,'Bianchi','Rosa',NULL,'1996-03-05'),(777777,'Costa','Giovanna','A','1999-10-05'),(888888,'Fontana','Vincenzo2','N','1998-08-09');
/*!40000 ALTER TABLE `UTENTE` ENABLE KEYS */;
UNLOCK TABLES;
/*!40103 SET TIME_ZONE=@OLD_TIME_ZONE */;

/*!40101 SET SQL_MODE=@OLD_SQL_MODE */;
/*!40014 SET FOREIGN_KEY_CHECKS=@OLD_FOREIGN_KEY_CHECKS */;
/*!40014 SET UNIQUE_CHECKS=@OLD_UNIQUE_CHECKS */;
/*!40101 SET CHARACTER_SET_CLIENT=@OLD_CHARACTER_SET_CLIENT */;
/*!40101 SET CHARACTER_SET_RESULTS=@OLD_CHARACTER_SET_RESULTS */;
/*!40101 SET COLLATION_CONNECTION=@OLD_COLLATION_CONNECTION */;
/*!40111 SET SQL_NOTES=@OLD_SQL_NOTES */;

-- Dump completed on 2020-07-30 19:30:32
